areaType,areaName,areaCode,date,newCasesBySpecimenDate,cumCasesBySpecimenDate,newFirstEpisodesBySpecimenDate,cumFirstEpisodesBySpecimenDate,newReinfectionsBySpecimenDate,cumReinfectionsBySpecimenDate
nation,England,E92000001,2022-09-28,4865,19968866,3634,18700879,1231.0,1267987.0
nation,England,E92000001,2022-09-27,6950,19964001,5117,18697245,1833.0,1266756.0
nation,England,E92000001,2022-09-26,7623,19957051,5542,18692128,2081.0,1264923.0
nation,England,E92000001,2022-09-25,6532,19949428,4802,18686586,1730.0,1262842.0
nation,England,E92000001,2022-09-24,5144,19942896,3884,18681784,1260.0,1261112.0
nation,England,E92000001,2022-09-23,5788,19937752,4376,18677900,1412.0,1259852.0
nation,England,E92000001,2022-09-22,6114,19931964,4504,18673524,1610.0,1258440.0
nation,England,E92000001,2022-09-21,6831,19925850,5001,18669020,1830.0,1256830.0
nation,England,E92000001,2022-09-20,7151,19919019,5128,18664019,2023.0,1255000.0
nation,England,E92000001,2022-09-19,5692,19911868,4012,18658891,1680.0,1252977.0
nation,England,E92000001,2022-09-18,3930,19906176,2875,18654879,1055.0,1251297.0
nation,England,E92000001,2022-09-17,3177,19902246,2377,18652004,800.0,1250242.0
nation,England,E92000001,2022-09-16,3698,19899069,2734,18649627,964.0,1249442.0
nation,England,E92000001,2022-09-15,4170,19895371,3000,18646893,1170.0,1248478.0
nation,England,E92000001,2022-09-14,4401,19891201,3196,18643893,1205.0,1247308.0
nation,England,E92000001,2022-09-13,4554,19886800,3376,18640697,1178.0,1246103.0
nation,England,E92000001,2022-09-12,4676,19882246,3327,18637321,1349.0,1244925.0
nation,England,E92000001,2022-09-11,3868,19877570,2827,18633994,1041.0,1243576.0
nation,England,E92000001,2022-09-10,2854,19873702,2114,18631167,740.0,1242535.0
nation,England,E92000001,2022-09-09,3094,19870848,2320,18629053,774.0,1241795.0
nation,England,E92000001,2022-09-08,3249,19867754,2369,18626733,880.0,1241021.0
nation,England,E92000001,2022-09-07,3742,19864505,2732,18624364,1010.0,1240141.0
nation,England,E92000001,2022-09-06,3930,19860763,2859,18621632,1071.0,1239131.0
nation,England,E92000001,2022-09-05,4382,19856833,3149,18618773,1233.0,1238060.0
nation,England,E92000001,2022-09-04,3759,19852451,2770,18615624,989.0,1236827.0
nation,England,E92000001,2022-09-03,2969,19848692,2210,18612854,759.0,1235838.0
nation,England,E92000001,2022-09-02,3233,19845723,2432,18610644,801.0,1235079.0
nation,England,E92000001,2022-09-01,3761,19842490,2733,18608212,1028.0,1234278.0
nation,England,E92000001,2022-08-31,3964,19838729,2926,18605479,1038.0,1233250.0
nation,England,E92000001,2022-08-30,4473,19834765,3161,18602553,1312.0,1232212.0
nation,England,E92000001,2022-08-29,3936,19830292,2840,18599392,1096.0,1230900.0
nation,England,E92000001,2022-08-28,2881,19826356,2192,18596552,689.0,1229804.0
nation,England,E92000001,2022-08-27,2586,19823475,1963,18594360,623.0,1229115.0
nation,England,E92000001,2022-08-26,2988,19820889,2283,18592397,705.0,1228492.0
nation,England,E92000001,2022-08-25,3251,19817901,2396,18590114,855.0,1227787.0
nation,England,E92000001,2022-08-24,3894,19814650,2889,18587718,1005.0,1226932.0
nation,England,E92000001,2022-08-23,4015,19810756,3005,18584829,1010.0,1225927.0
nation,England,E92000001,2022-08-22,4504,19806741,3322,18581824,1182.0,1224917.0
nation,England,E92000001,2022-08-21,3533,19802237,2604,18578502,929.0,1223735.0
nation,England,E92000001,2022-08-20,2825,19798704,2165,18575898,660.0,1222806.0
nation,England,E92000001,2022-08-19,3313,19795879,2486,18573733,827.0,1222146.0
nation,England,E92000001,2022-08-18,3856,19792566,2870,18571247,986.0,1221319.0
nation,England,E92000001,2022-08-17,4380,19788710,3264,18568377,1116.0,1220333.0
nation,England,E92000001,2022-08-16,4827,19784330,3605,18565113,1222.0,1219217.0
nation,England,E92000001,2022-08-15,5592,19779503,4170,18561508,1422.0,1217995.0
nation,England,E92000001,2022-08-14,4777,19773911,3618,18557338,1159.0,1216573.0
nation,England,E92000001,2022-08-13,3967,19769134,3044,18553720,923.0,1215414.0
nation,England,E92000001,2022-08-12,4773,19765167,3649,18550676,1124.0,1214491.0
nation,England,E92000001,2022-08-11,5441,19760394,4079,18547027,1362.0,1213367.0
nation,England,E92000001,2022-08-10,5986,19754953,4495,18542948,1491.0,1212005.0
nation,England,E92000001,2022-08-09,6459,19748967,4923,18538453,1536.0,1210514.0
nation,England,E92000001,2022-08-08,7222,19742508,5306,18533530,1916.0,1208978.0
nation,England,E92000001,2022-08-07,5896,19735286,4490,18528224,1406.0,1207062.0
nation,England,E92000001,2022-08-06,4850,19729390,3759,18523734,1091.0,1205656.0
nation,England,E92000001,2022-08-05,5858,19724540,4489,18519975,1369.0,1204565.0
nation,England,E92000001,2022-08-04,6518,19718682,4971,18515486,1547.0,1203196.0
nation,England,E92000001,2022-08-03,7410,19712164,5718,18510515,1692.0,1201649.0
nation,England,E92000001,2022-08-02,8159,19704754,6171,18504797,1988.0,1199957.0
nation,England,E92000001,2022-08-01,8812,19696595,6647,18498626,2165.0,1197969.0
nation,England,E92000001,2022-07-31,7666,19687783,5884,18491979,1782.0,1195804.0
nation,England,E92000001,2022-07-30,6611,19680117,5144,18486095,1467.0,1194022.0
nation,England,E92000001,2022-07-29,7581,19673506,5848,18480951,1733.0,1192555.0
nation,England,E92000001,2022-07-28,8334,19665925,6346,18475103,1988.0,1190822.0
nation,England,E92000001,2022-07-27,9430,19657591,7186,18468757,2244.0,1188834.0
nation,England,E92000001,2022-07-26,10478,19648161,8049,18461571,2429.0,1186590.0
nation,England,E92000001,2022-07-25,11926,19637683,9136,18453522,2790.0,1184161.0
nation,England,E92000001,2022-07-24,10213,19625757,7838,18444386,2375.0,1181371.0
nation,England,E92000001,2022-07-23,8905,19615544,6974,18436548,1931.0,1178996.0
nation,England,E92000001,2022-07-22,11175,19606639,8656,18429574,2519.0,1177065.0
nation,England,E92000001,2022-07-21,12788,19595464,9868,18420918,2920.0,1174546.0
nation,England,E92000001,2022-07-20,14535,19582676,11292,18411050,3243.0,1171626.0
nation,England,E92000001,2022-07-19,14863,19568141,11345,18399758,3518.0,1168383.0
nation,England,E92000001,2022-07-18,16915,19553278,12793,18388413,4122.0,1164865.0
nation,England,E92000001,2022-07-17,15701,19536363,12069,18375620,3632.0,1160743.0
nation,England,E92000001,2022-07-16,13671,19520662,10675,18363551,2996.0,1157111.0
nation,England,E92000001,2022-07-15,16625,19506991,12841,18352876,3784.0,1154115.0
nation,England,E92000001,2022-07-14,19340,19490366,14752,18340035,4588.0,1150331.0
nation,England,E92000001,2022-07-13,21640,19471026,16643,18325283,4997.0,1145743.0
nation,England,E92000001,2022-07-12,24372,19449386,18601,18308640,5771.0,1140746.0
nation,England,E92000001,2022-07-11,27196,19425014,20617,18290039,6579.0,1134975.0
nation,England,E92000001,2022-07-10,23037,19397818,17800,18269422,5237.0,1128396.0
nation,England,E92000001,2022-07-09,19351,19374781,15266,18251622,4085.0,1123159.0
nation,England,E92000001,2022-07-08,22169,19355430,17500,18236356,4669.0,1119074.0
nation,England,E92000001,2022-07-07,24048,19333261,18599,18218856,5449.0,1114405.0
nation,England,E92000001,2022-07-06,26728,19309213,20639,18200257,6089.0,1108956.0
nation,England,E92000001,2022-07-05,28115,19282485,21782,18179618,6333.0,1102867.0
nation,England,E92000001,2022-07-04,30382,19254370,23332,18157836,7050.0,1096534.0
nation,England,E92000001,2022-07-03,25170,19223988,19475,18134504,5695.0,1089484.0
nation,England,E92000001,2022-07-02,19589,19198818,15549,18115029,4040.0,1083789.0
nation,England,E92000001,2022-07-01,21059,19179229,16744,18099480,4315.0,1079749.0
nation,England,E92000001,2022-06-30,21505,19158170,16829,18082736,4676.0,1075434.0
nation,England,E92000001,2022-06-29,21720,19136665,17057,18065907,4663.0,1070758.0
nation,England,E92000001,2022-06-28,21868,19114945,17359,18048850,4509.0,1066095.0
nation,England,E92000001,2022-06-27,21896,19093077,17276,18031491,4620.0,1061586.0
nation,England,E92000001,2022-06-26,18035,19071181,14407,18014215,3628.0,1056966.0
nation,England,E92000001,2022-06-25,14472,19053146,11841,17999808,2631.0,1053338.0
nation,England,E92000001,2022-06-24,15622,19038674,12675,17987967,2947.0,1050707.0
nation,England,E92000001,2022-06-23,16696,19023052,13493,17975292,3203.0,1047760.0
nation,England,E92000001,2022-06-22,17760,19006356,14457,17961799,3303.0,1044557.0
nation,England,E92000001,2022-06-21,17529,18988596,14193,17947342,3336.0,1041254.0
nation,England,E92000001,2022-06-20,16918,18971067,13610,17933149,3308.0,1037918.0
nation,England,E92000001,2022-06-19,14521,18954149,11855,17919539,2666.0,1034610.0
nation,England,E92000001,2022-06-18,11636,18939628,9652,17907684,1984.0,1031944.0
nation,England,E92000001,2022-06-17,11640,18927992,9632,17898032,2008.0,1029960.0
nation,England,E92000001,2022-06-16,11911,18916352,9653,17888400,2258.0,1027952.0
nation,England,E92000001,2022-06-15,12386,18904441,10105,17878747,2281.0,1025694.0
nation,England,E92000001,2022-06-14,12660,18892055,10409,17868642,2251.0,1023413.0
nation,England,E92000001,2022-06-13,12955,18879395,10469,17858233,2486.0,1021162.0
nation,England,E92000001,2022-06-12,10716,18866440,8836,17847764,1880.0,1018676.0
nation,England,E92000001,2022-06-11,8466,18855724,7041,17838928,1425.0,1016796.0
nation,England,E92000001,2022-06-10,9154,18847258,7638,17831887,1516.0,1015371.0
nation,England,E92000001,2022-06-09,9584,18838104,7898,17824249,1686.0,1013855.0
nation,England,E92000001,2022-06-08,9954,18828520,8185,17816351,1769.0,1012169.0
nation,England,E92000001,2022-06-07,9481,18818566,7810,17808166,1671.0,1010400.0
nation,England,E92000001,2022-06-06,9799,18809085,8049,17800356,1750.0,1008729.0
nation,England,E92000001,2022-06-05,8351,18799286,6942,17792307,1409.0,1006979.0
nation,England,E92000001,2022-06-04,6277,18790935,5357,17785365,920.0,1005570.0
nation,England,E92000001,2022-06-03,5582,18784658,4791,17780008,791.0,1004650.0
nation,England,E92000001,2022-06-02,5081,18779076,4334,17775217,747.0,1003859.0
nation,England,E92000001,2022-06-01,5713,18773995,4956,17770883,757.0,1003112.0
nation,England,E92000001,2022-05-31,5732,18768282,4902,17765927,830.0,1002355.0
nation,England,E92000001,2022-05-30,5927,18762550,5040,17761025,887.0,1001525.0
nation,England,E92000001,2022-05-29,4686,18756623,3995,17755985,691.0,1000638.0
nation,England,E92000001,2022-05-28,4153,18751937,3561,17751990,592.0,999947.0
nation,England,E92000001,2022-05-27,4492,18747784,3825,17748429,667.0,999355.0
nation,England,E92000001,2022-05-26,4818,18743292,4000,17744604,818.0,998688.0
nation,England,E92000001,2022-05-25,5188,18738474,4303,17740604,885.0,997870.0
nation,England,E92000001,2022-05-24,5593,18733286,4648,17736301,945.0,996985.0
nation,England,E92000001,2022-05-23,6247,18727693,5123,17731653,1124.0,996040.0
nation,England,E92000001,2022-05-22,5151,18721446,4345,17726530,806.0,994916.0
nation,England,E92000001,2022-05-21,4243,18716295,3589,17722185,654.0,994110.0
nation,England,E92000001,2022-05-20,5047,18712052,4238,17718596,809.0,993456.0
nation,England,E92000001,2022-05-19,5783,18707005,4731,17714358,1052.0,992647.0
nation,England,E92000001,2022-05-18,6390,18701222,5315,17709627,1075.0,991595.0
nation,England,E92000001,2022-05-17,6831,18694832,5676,17704312,1155.0,990520.0
nation,England,E92000001,2022-05-16,7883,18688001,6453,17698636,1430.0,989365.0
nation,England,E92000001,2022-05-15,6730,18680118,5637,17692183,1093.0,987935.0
nation,England,E92000001,2022-05-14,5139,18673388,4312,17686546,827.0,986842.0
nation,England,E92000001,2022-05-13,5790,18668249,4902,17682234,888.0,986015.0
nation,England,E92000001,2022-05-12,6374,18662459,5340,17677332,1034.0,985127.0
nation,England,E92000001,2022-05-11,7262,18656085,6062,17671992,1200.0,984093.0
nation,England,E92000001,2022-05-10,8151,18648823,6772,17665930,1379.0,982893.0
nation,England,E92000001,2022-05-09,8868,18640672,7324,17659158,1544.0,981514.0
nation,England,E92000001,2022-05-08,7664,18631804,6417,17651834,1247.0,979970.0
nation,England,E92000001,2022-05-07,6353,18624140,5445,17645417,908.0,978723.0
nation,England,E92000001,2022-05-06,7509,18617787,6365,17639972,1144.0,977815.0
nation,England,E92000001,2022-05-05,8582,18610278,7205,17633607,1377.0,976671.0
nation,England,E92000001,2022-05-04,9775,18601696,8234,17626402,1541.0,975294.0
nation,England,E92000001,2022-05-03,11149,18591921,9301,17618168,1848.0,973753.0
nation,England,E92000001,2022-05-02,10327,18580772,8728,17608867,1599.0,971905.0
nation,England,E92000001,2022-05-01,7718,18570445,6638,17600139,1080.0,970306.0
nation,England,E92000001,2022-04-30,6864,18562727,5945,17593501,919.0,969226.0
nation,England,E92000001,2022-04-29,7987,18555863,6855,17587556,1132.0,968307.0
nation,England,E92000001,2022-04-28,9048,18547876,7712,17580701,1336.0,967175.0
nation,England,E92000001,2022-04-27,10116,18538828,8627,17572989,1489.0,965839.0
nation,England,E92000001,2022-04-26,11292,18528712,9633,17564362,1659.0,964350.0
nation,England,E92000001,2022-04-25,13395,18517420,11277,17554729,2118.0,962691.0
nation,England,E92000001,2022-04-24,11867,18504025,10248,17543452,1619.0,960573.0
nation,England,E92000001,2022-04-23,10570,18492158,9261,17533204,1309.0,958954.0
nation,England,E92000001,2022-04-22,12519,18481588,10848,17523943,1671.0,957645.0
nation,England,E92000001,2022-04-21,14518,18469069,12569,17513095,1949.0,955974.0
nation,England,E92000001,2022-04-20,16963,18454551,14762,17500526,2201.0,954025.0
nation,England,E92000001,2022-04-19,20591,18437588,17774,17485764,2817.0,951824.0
nation,England,E92000001,2022-04-18,20561,18416997,17869,17467990,2692.0,949007.0
nation,England,E92000001,2022-04-17,16261,18396436,14389,17450121,1872.0,946315.0
nation,England,E92000001,2022-04-16,16087,18380175,14358,17435732,1729.0,944443.0
nation,England,E92000001,2022-04-15,17301,18364088,15377,17421374,1924.0,942714.0
nation,England,E92000001,2022-04-14,21434,18346787,18974,17405997,2460.0,940790.0
nation,England,E92000001,2022-04-13,25506,18325353,22617,17387023,2889.0,938330.0
nation,England,E92000001,2022-04-12,27380,18299847,24176,17364406,3204.0,935441.0
nation,England,E92000001,2022-04-11,30597,18272467,26941,17340230,3656.0,932237.0
nation,England,E92000001,2022-04-10,25637,18241870,22867,17313289,2770.0,928581.0
nation,England,E92000001,2022-04-09,23010,18216233,20505,17290422,2505.0,925811.0
nation,England,E92000001,2022-04-08,27388,18193223,24305,17269917,3083.0,923306.0
nation,England,E92000001,2022-04-07,31745,18165835,27979,17245612,3766.0,920223.0
nation,England,E92000001,2022-04-06,36886,18134090,32597,17217633,4289.0,916457.0
nation,England,E92000001,2022-04-05,40395,18097204,35751,17185036,4644.0,912168.0
nation,England,E92000001,2022-04-04,45132,18056809,39800,17149285,5332.0,907524.0
nation,England,E92000001,2022-04-03,35600,18011677,31739,17109485,3861.0,902192.0
nation,England,E92000001,2022-04-02,31604,17976077,28256,17077746,3348.0,898331.0
nation,England,E92000001,2022-04-01,40343,17944473,35906,17049490,4437.0,894983.0
nation,England,E92000001,2022-03-31,45873,17904130,40703,17013584,5170.0,890546.0
nation,England,E92000001,2022-03-30,62747,17858257,55344,16972881,7403.0,885376.0
nation,England,E92000001,2022-03-29,67443,17795510,59381,16917537,8062.0,877973.0
nation,England,E92000001,2022-03-28,78903,17728067,69228,16858156,9675.0,869911.0
nation,England,E92000001,2022-03-27,57999,17649164,51347,16788928,6652.0,860236.0
nation,England,E92000001,2022-03-26,51773,17591165,46256,16737581,5517.0,853584.0
nation,England,E92000001,2022-03-25,60256,17539392,53549,16691325,6707.0,848067.0
nation,England,E92000001,2022-03-24,68601,17479136,60939,16637776,7662.0,841360.0
nation,England,E92000001,2022-03-23,77594,17410535,68841,16576837,8753.0,833698.0
nation,England,E92000001,2022-03-22,81847,17332941,72559,16507996,9288.0,824945.0
nation,England,E92000001,2022-03-21,89905,17251094,79357,16435437,10548.0,815657.0
nation,England,E92000001,2022-03-20,66902,17161189,59475,16356080,7427.0,805109.0
nation,England,E92000001,2022-03-19,55211,17094287,49582,16296605,5629.0,797682.0
nation,England,E92000001,2022-03-18,61903,17039076,55417,16247023,6486.0,792053.0
nation,England,E92000001,2022-03-17,67684,16977173,60469,16191606,7215.0,785567.0
nation,England,E92000001,2022-03-16,73955,16909489,66034,16131137,7921.0,778352.0
nation,England,E92000001,2022-03-15,74100,16835534,66267,16065103,7833.0,770431.0
nation,England,E92000001,2022-03-14,79517,16761434,70930,15998836,8587.0,762598.0
nation,England,E92000001,2022-03-13,60265,16681917,53982,15927906,6283.0,754011.0
nation,England,E92000001,2022-03-12,49154,16621652,44258,15873924,4896.0,747728.0
nation,England,E92000001,2022-03-11,52270,16572498,47064,15829666,5206.0,742832.0
nation,England,E92000001,2022-03-10,54293,16520228,48769,15782602,5524.0,737626.0
nation,England,E92000001,2022-03-09,55489,16465935,49874,15733833,5615.0,732102.0
nation,England,E92000001,2022-03-08,52340,16410446,47055,15683959,5285.0,726487.0
nation,England,E92000001,2022-03-07,50984,16358106,45550,15636904,5434.0,721202.0
nation,England,E92000001,2022-03-06,35912,16307122,32400,15591354,3512.0,715768.0
nation,England,E92000001,2022-03-05,28504,16271210,25907,15558954,2597.0,712256.0
nation,England,E92000001,2022-03-04,30605,16242706,27716,15533047,2889.0,709659.0
nation,England,E92000001,2022-03-03,31533,16212101,28490,15505331,3043.0,706770.0
nation,England,E92000001,2022-03-02,33360,16180568,30085,15476841,3275.0,703727.0
nation,England,E92000001,2022-03-01,31857,16147208,28981,15446756,2876.0,700452.0
nation,England,E92000001,2022-02-28,31858,16115351,28808,15417775,3050.0,697576.0
nation,England,E92000001,2022-02-27,22165,16083493,20134,15388967,2031.0,694526.0
nation,England,E92000001,2022-02-26,17601,16061328,16124,15368833,1477.0,692495.0
nation,England,E92000001,2022-02-25,19532,16043727,17766,15352709,1766.0,691018.0
nation,England,E92000001,2022-02-24,21883,16024195,19801,15334943,2082.0,689252.0
nation,England,E92000001,2022-02-23,26008,16002312,23618,15315142,2390.0,687170.0
nation,England,E92000001,2022-02-22,28018,15976304,25329,15291524,2689.0,684780.0
nation,England,E92000001,2022-02-21,33030,15948286,29910,15266195,3120.0,682091.0
nation,England,E92000001,2022-02-20,28408,15915256,25901,15236285,2507.0,678971.0
nation,England,E92000001,2022-02-19,26430,15886848,24157,15210384,2273.0,676464.0
nation,England,E92000001,2022-02-18,24922,15860418,22665,15186227,2257.0,674191.0
nation,England,E92000001,2022-02-17,34168,15835496,30958,15163562,3210.0,671934.0
nation,England,E92000001,2022-02-16,39443,15801328,35726,15132604,3717.0,668724.0
nation,England,E92000001,2022-02-15,40144,15761885,36338,15096878,3806.0,665007.0
nation,England,E92000001,2022-02-14,42491,15721741,38431,15060540,4060.0,661201.0
nation,England,E92000001,2022-02-13,32326,15679250,29342,15022109,2984.0,657141.0
nation,England,E92000001,2022-02-12,29140,15646924,26639,14992767,2501.0,654157.0
nation,England,E92000001,2022-02-11,34942,15617784,31724,14966128,3218.0,651656.0
nation,England,E92000001,2022-02-10,41331,15582842,37253,14934404,4078.0,648438.0
nation,England,E92000001,2022-02-09,51015,15541511,45962,14897151,5053.0,644360.0
nation,England,E92000001,2022-02-08,55437,15490496,49986,14851189,5451.0,639307.0
nation,England,E92000001,2022-02-07,62672,15435059,56298,14801203,6374.0,633856.0
nation,England,E92000001,2022-02-06,50143,15372387,45154,14744905,4989.0,627482.0
nation,England,E92000001,2022-02-05,43233,15322244,39305,14699751,3928.0,622493.0
nation,England,E92000001,2022-02-04,52556,15279011,47717,14660446,4839.0,618565.0
nation,England,E92000001,2022-02-03,64031,15226455,57738,14612729,6293.0,613726.0
nation,England,E92000001,2022-02-02,73907,15162424,66617,14554991,7290.0,607433.0
nation,England,E92000001,2022-02-01,78512,15088517,70498,14488374,8014.0,600143.0
nation,England,E92000001,2022-01-31,88500,15010005,79481,14417876,9019.0,592129.0
nation,England,E92000001,2022-01-30,74976,14921505,67584,14338395,7392.0,583110.0
nation,England,E92000001,2022-01-29,63018,14846529,57273,14270811,5745.0,575718.0
nation,England,E92000001,2022-01-28,71682,14783511,64864,14213538,6818.0,569973.0
nation,England,E92000001,2022-01-27,82727,14711829,74669,14148674,8058.0,563155.0
nation,England,E92000001,2022-01-26,93211,14629102,83994,14074005,9217.0,555097.0
nation,England,E92000001,2022-01-25,96954,14535891,87344,13990011,9610.0,545880.0
nation,England,E92000001,2022-01-24,109233,14438937,98278,13902667,10955.0,536270.0
nation,England,E92000001,2022-01-23,88557,14329704,80098,13804389,8459.0,525315.0
nation,England,E92000001,2022-01-22,70483,14241147,64190,13724291,6293.0,516856.0
nation,England,E92000001,2022-01-21,79172,14170664,71810,13660101,7362.0,510563.0
nation,England,E92000001,2022-01-20,86952,14091492,78895,13588291,8057.0,503201.0
nation,England,E92000001,2022-01-19,97333,14004540,88151,13509396,9182.0,495144.0
nation,England,E92000001,2022-01-18,103308,13907207,93489,13421245,9819.0,485962.0
nation,England,E92000001,2022-01-17,114776,13803899,103816,13327756,10960.0,476143.0
nation,England,E92000001,2022-01-16,85596,13689123,77692,13223940,7904.0,465183.0
nation,England,E92000001,2022-01-15,67819,13603527,62052,13146248,5767.0,457279.0
nation,England,E92000001,2022-01-14,75174,13535708,68447,13084196,6727.0,451512.0
nation,England,E92000001,2022-01-13,84132,13460534,76293,13015749,7839.0,444785.0
nation,England,E92000001,2022-01-12,90002,13376402,81440,12939456,8562.0,436946.0
nation,England,E92000001,2022-01-11,100978,13286400,91495,12858016,9483.0,428384.0
nation,England,E92000001,2022-01-10,116341,13185422,105280,12766521,11061.0,418901.0
nation,England,E92000001,2022-01-09,83079,13069081,75304,12661241,7775.0,407840.0
nation,England,E92000001,2022-01-08,81218,12986002,73716,12585937,7502.0,400065.0
nation,England,E92000001,2022-01-07,105081,12904784,94766,12512221,10315.0,392563.0
nation,England,E92000001,2022-01-06,150786,12799703,134876,12417455,15910.0,382248.0
nation,England,E92000001,2022-01-05,183794,12648917,164541,12282579,19253.0,366338.0
nation,England,E92000001,2022-01-04,234873,12465123,210589,12118038,24284.0,347085.0
nation,England,E92000001,2022-01-03,193612,12230250,173522,11907449,20090.0,322801.0
nation,England,E92000001,2022-01-02,148606,12036638,133956,11733927,14650.0,302711.0
nation,England,E92000001,2022-01-01,99297,11888032,90299,11599971,8998.0,288061.0
nation,England,E92000001,2021-12-31,152884,11788735,138925,11509672,13959.0,279063.0
nation,England,E92000001,2021-12-30,192822,11635851,175034,11370747,17788.0,265104.0
nation,England,E92000001,2021-12-29,224025,11443029,204425,11195713,19600.0,247316.0
nation,England,E92000001,2021-12-28,170580,11219004,155661,10991288,14919.0,227716.0
nation,England,E92000001,2021-12-27,155564,11048424,142560,10835627,13004.0,212797.0
nation,England,E92000001,2021-12-26,98906,10892860,91192,10693067,7714.0,199793.0
nation,England,E92000001,2021-12-25,59912,10793954,55562,10601875,4350.0,192079.0
nation,England,E92000001,2021-12-24,117562,10734042,108028,10546313,9534.0,187729.0
nation,England,E92000001,2021-12-23,137022,10616480,125446,10438285,11576.0,178195.0
nation,England,E92000001,2021-12-22,138142,10479458,126489,10312839,11653.0,166619.0
nation,England,E92000001,2021-12-21,129598,10341316,119020,10186350,10578.0,154966.0
nation,England,E92000001,2021-12-20,117577,10211718,108417,10067330,9160.0,144388.0
nation,England,E92000001,2021-12-19,78493,10094141,72709,9958913,5784.0,135228.0
nation,England,E92000001,2021-12-18,78930,10015648,73210,9886204,5720.0,129444.0
nation,England,E92000001,2021-12-17,84949,9936718,78631,9812994,6318.0,123724.0
nation,England,E92000001,2021-12-16,93798,9851769,86924,9734363,6874.0,117406.0
nation,England,E92000001,2021-12-15,99651,9757971,92591,9647439,7060.0,110532.0
nation,England,E92000001,2021-12-14,90715,9658320,84771,9554848,5944.0,103472.0
nation,England,E92000001,2021-12-13,76508,9567605,72510,9470077,3998.0,97528.0
nation,England,E92000001,2021-12-12,46366,9491097,44506,9397567,1860.0,93530.0
nation,England,E92000001,2021-12-11,41940,9444731,40517,9353061,1423.0,91670.0
nation,England,E92000001,2021-12-10,45017,9402791,43538,9312544,1479.0,90247.0
nation,England,E92000001,2021-12-09,48816,9357774,47247,9269006,1569.0,88768.0
nation,England,E92000001,2021-12-08,50057,9308958,48589,9221759,1468.0,87199.0
nation,England,E92000001,2021-12-07,48140,9258901,46898,9173170,1242.0,85731.0
nation,England,E92000001,2021-12-06,51121,9210761,49977,9126272,1144.0,84489.0
nation,England,E92000001,2021-12-05,35037,9159640,34455,9076295,582.0,83345.0
nation,England,E92000001,2021-12-04,33378,9124603,32835,9041840,543.0,82763.0
nation,England,E92000001,2021-12-03,39222,9091225,38624,9009005,598.0,82220.0
nation,England,E92000001,2021-12-02,43046,9052003,42394,8970381,652.0,81622.0
nation,England,E92000001,2021-12-01,47262,9008957,46561,8927987,701.0,80970.0
nation,England,E92000001,2021-11-30,47631,8961695,46945,8881426,686.0,80269.0
nation,England,E92000001,2021-11-29,47940,8914064,47192,8834481,748.0,79583.0
nation,England,E92000001,2021-11-28,33855,8866124,33398,8787289,457.0,78835.0
nation,England,E92000001,2021-11-27,28456,8832269,28077,8753891,379.0,78378.0
nation,England,E92000001,2021-11-26,33665,8803813,33212,8725814,453.0,77999.0
nation,England,E92000001,2021-11-25,37142,8770148,36587,8692602,555.0,77546.0
nation,England,E92000001,2021-11-24,39880,8733006,39314,8656015,566.0,76991.0
nation,England,E92000001,2021-11-23,41015,8693126,40483,8616701,532.0,76425.0
nation,England,E92000001,2021-11-22,42869,8652111,42310,8576218,559.0,75893.0
nation,England,E92000001,2021-11-21,31763,8609242,31360,8533908,403.0,75334.0
nation,England,E92000001,2021-11-20,29868,8577479,29498,8502548,370.0,74931.0
nation,England,E92000001,2021-11-19,33186,8547611,32774,8473050,412.0,74561.0
nation,England,E92000001,2021-11-18,37098,8514425,36606,8440276,492.0,74149.0
nation,England,E92000001,2021-11-17,38256,8477327,37770,8403670,486.0,73657.0
nation,England,E92000001,2021-11-16,38655,8439071,38111,8365900,544.0,73171.0
nation,England,E92000001,2021-11-15,42478,8400416,41892,8327789,586.0,72627.0
nation,England,E92000001,2021-11-14,29597,8357938,29239,8285897,358.0,72041.0
nation,England,E92000001,2021-11-13,27356,8328341,27040,8256658,316.0,71683.0
nation,England,E92000001,2021-11-12,31339,8300985,30920,8229618,419.0,71367.0
nation,England,E92000001,2021-11-11,33700,8269646,33234,8198698,466.0,70948.0
nation,England,E92000001,2021-11-10,35390,8235946,34911,8165464,479.0,70482.0
nation,England,E92000001,2021-11-09,34679,8200556,34204,8130553,475.0,70003.0
nation,England,E92000001,2021-11-08,36140,8165877,35609,8096349,531.0,69528.0
nation,England,E92000001,2021-11-07,25447,8129737,25107,8060740,340.0,68997.0
nation,England,E92000001,2021-11-06,22581,8104290,22280,8035633,301.0,68657.0
nation,England,E92000001,2021-11-05,24405,8081709,24039,8013353,366.0,68356.0
nation,England,E92000001,2021-11-04,27378,8057304,27032,7989314,346.0,67990.0
nation,England,E92000001,2021-11-03,29396,8029926,29014,7962282,382.0,67644.0
nation,England,E92000001,2021-11-02,31328,8000530,30911,7933268,417.0,67262.0
nation,England,E92000001,2021-11-01,37663,7969202,37115,7902357,548.0,66845.0
nation,England,E92000001,2021-10-31,29564,7931539,29166,7865242,398.0,66297.0
nation,England,E92000001,2021-10-30,28243,7901975,27952,7836076,291.0,65899.0
nation,England,E92000001,2021-10-29,33995,7873732,33562,7808124,433.0,65608.0
nation,England,E92000001,2021-10-28,35077,7839737,34647,7774562,430.0,65175.0
nation,England,E92000001,2021-10-27,36524,7804660,36100,7739915,424.0,64745.0
nation,England,E92000001,2021-10-26,35276,7768136,34861,7703815,415.0,64321.0
nation,England,E92000001,2021-10-25,39957,7732860,39459,7668954,498.0,63906.0
nation,England,E92000001,2021-10-24,30092,7692903,29748,7629495,344.0,63408.0
nation,England,E92000001,2021-10-23,29747,7662811,29419,7599747,328.0,63064.0
nation,England,E92000001,2021-10-22,34507,7633064,34088,7570328,419.0,62736.0
nation,England,E92000001,2021-10-21,38580,7598557,38112,7536240,468.0,62317.0
nation,England,E92000001,2021-10-20,43963,7559977,43482,7498128,481.0,61849.0
nation,England,E92000001,2021-10-19,44630,7516014,44105,7454646,525.0,61368.0
nation,England,E92000001,2021-10-18,49257,7471384,48654,7410541,603.0,60843.0
nation,England,E92000001,2021-10-17,37502,7422127,37121,7361887,381.0,60240.0
nation,England,E92000001,2021-10-16,31639,7384625,31301,7324766,338.0,59859.0
nation,England,E92000001,2021-10-15,36631,7352986,36254,7293465,377.0,59521.0
nation,England,E92000001,2021-10-14,39263,7316355,38782,7257211,481.0,59144.0
nation,England,E92000001,2021-10-13,40545,7277092,40094,7218429,451.0,58663.0
nation,England,E92000001,2021-10-12,40892,7236547,40395,7178335,497.0,58212.0
nation,England,E92000001,2021-10-11,43115,7195655,42656,7137940,459.0,57715.0
nation,England,E92000001,2021-10-10,31499,7152540,31160,7095284,339.0,57256.0
nation,England,E92000001,2021-10-09,27180,7121041,26865,7064124,315.0,56917.0
nation,England,E92000001,2021-10-08,29848,7093861,29495,7037259,353.0,56602.0
nation,England,E92000001,2021-10-07,32158,7064013,31790,7007764,368.0,56249.0
nation,England,E92000001,2021-10-06,32547,7031855,32176,6975974,371.0,55881.0
nation,England,E92000001,2021-10-05,32268,6999308,31874,6943798,394.0,55510.0
nation,England,E92000001,2021-10-04,36476,6967040,36086,6911924,390.0,55116.0
nation,England,E92000001,2021-10-03,27137,6930564,26847,6875838,290.0,54726.0
nation,England,E92000001,2021-10-02,21873,6903427,21655,6848991,218.0,54436.0
nation,England,E92000001,2021-10-01,24134,6881554,23857,6827336,277.0,54218.0
nation,England,E92000001,2021-09-30,26809,6857420,26504,6803479,305.0,53941.0
nation,England,E92000001,2021-09-29,28688,6830611,28378,6776975,310.0,53636.0
nation,England,E92000001,2021-09-28,29627,6801923,29265,6748597,362.0,53326.0
nation,England,E92000001,2021-09-27,34595,6772296,34165,6719332,430.0,52964.0
nation,England,E92000001,2021-09-26,26814,6737701,26477,6685167,337.0,52534.0
nation,England,E92000001,2021-09-25,23389,6710887,23118,6658690,271.0,52197.0
nation,England,E92000001,2021-09-24,25755,6687498,25427,6635572,328.0,51926.0
nation,England,E92000001,2021-09-23,28340,6661743,27940,6610145,400.0,51598.0
nation,England,E92000001,2021-09-22,28789,6633403,28435,6582205,354.0,51198.0
nation,England,E92000001,2021-09-21,30547,6604614,30181,6553770,366.0,50844.0
nation,England,E92000001,2021-09-20,32121,6574067,31714,6523589,407.0,50478.0
nation,England,E92000001,2021-09-19,24789,6541946,24479,6491875,310.0,50071.0
nation,England,E92000001,2021-09-18,20926,6517157,20672,6467396,254.0,49761.0
nation,England,E92000001,2021-09-17,22375,6496231,22113,6446724,262.0,49507.0
nation,England,E92000001,2021-09-16,22319,6473856,22040,6424611,279.0,49245.0
nation,England,E92000001,2021-09-15,22414,6451537,22148,6402571,266.0,48966.0
nation,England,E92000001,2021-09-14,22640,6429123,22343,6380423,297.0,48700.0
nation,England,E92000001,2021-09-13,25199,6406483,24869,6358080,330.0,48403.0
nation,England,E92000001,2021-09-12,17879,6381284,17643,6333211,236.0,48073.0
nation,England,E92000001,2021-09-11,16956,6363405,16740,6315568,216.0,47837.0
nation,England,E92000001,2021-09-10,21031,6346449,20736,6298828,295.0,47621.0
nation,England,E92000001,2021-09-09,24440,6325418,24122,6278092,318.0,47326.0
nation,England,E92000001,2021-09-08,25659,6300978,25270,6253970,389.0,47008.0
nation,England,E92000001,2021-09-07,27938,6275319,27585,6228700,353.0,46619.0
nation,England,E92000001,2021-09-06,33135,6247381,32685,6201115,450.0,46266.0
nation,England,E92000001,2021-09-05,23457,6214246,23160,6168430,297.0,45816.0
nation,England,E92000001,2021-09-04,23409,6190789,23140,6145270,269.0,45519.0
nation,England,E92000001,2021-09-03,28727,6167380,28365,6122130,362.0,45250.0
nation,England,E92000001,2021-09-02,30637,6138653,30230,6093765,407.0,44888.0
nation,England,E92000001,2021-09-01,31600,6108016,31216,6063535,384.0,44481.0
nation,England,E92000001,2021-08-31,33565,6076416,33122,6032319,443.0,44097.0
nation,England,E92000001,2021-08-30,24972,6042851,24647,5999197,325.0,43654.0
nation,England,E92000001,2021-08-29,19151,6017879,18908,5974550,243.0,43329.0
nation,England,E92000001,2021-08-28,20136,5998728,19901,5955642,235.0,43086.0
nation,England,E92000001,2021-08-27,24251,5978592,23952,5935741,299.0,42851.0
nation,England,E92000001,2021-08-26,26482,5954341,26116,5911789,366.0,42552.0
nation,England,E92000001,2021-08-25,27901,5927859,27545,5885673,356.0,42186.0
nation,England,E92000001,2021-08-24,28212,5899958,27836,5858128,376.0,41830.0
nation,England,E92000001,2021-08-23,30333,5871746,29948,5830292,385.0,41454.0
nation,England,E92000001,2021-08-22,22409,5841413,22157,5800344,252.0,41069.0
nation,England,E92000001,2021-08-21,22602,5819004,22340,5778187,262.0,40817.0
nation,England,E92000001,2021-08-20,25555,5796402,25234,5755847,321.0,40555.0
nation,England,E92000001,2021-08-19,29080,5770847,28676,5730613,404.0,40234.0
nation,England,E92000001,2021-08-18,31426,5741767,30979,5701937,447.0,39830.0
nation,England,E92000001,2021-08-17,31094,5710341,30625,5670958,469.0,39383.0
nation,England,E92000001,2021-08-16,30860,5679247,30423,5640333,437.0,38914.0
nation,England,E92000001,2021-08-15,21279,5648387,21018,5609910,261.0,38477.0
nation,England,E92000001,2021-08-14,21336,5627108,21103,5588892,233.0,38216.0
nation,England,E92000001,2021-08-13,24991,5605772,24670,5567789,321.0,37983.0
nation,England,E92000001,2021-08-12,27690,5580781,27304,5543119,386.0,37662.0
nation,England,E92000001,2021-08-11,29134,5553091,28778,5515815,356.0,37276.0
nation,England,E92000001,2021-08-10,27610,5523957,27216,5487037,394.0,36920.0
nation,England,E92000001,2021-08-09,28292,5496347,27877,5459821,415.0,36526.0
nation,England,E92000001,2021-08-08,20157,5468055,19901,5431944,256.0,36111.0
nation,England,E92000001,2021-08-07,19957,5447898,19678,5412043,279.0,35855.0
nation,England,E92000001,2021-08-06,24852,5427941,24500,5392365,352.0,35576.0
nation,England,E92000001,2021-08-05,28125,5403089,27757,5367865,368.0,35224.0
nation,England,E92000001,2021-08-04,28895,5374964,28499,5340108,396.0,34856.0
nation,England,E92000001,2021-08-03,27061,5346069,26696,5311609,365.0,34460.0
nation,England,E92000001,2021-08-02,26580,5319008,26198,5284913,382.0,34095.0
nation,England,E92000001,2021-08-01,18714,5292428,18472,5258715,242.0,33713.0
nation,England,E92000001,2021-07-31,18449,5273714,18172,5240243,277.0,33471.0
nation,England,E92000001,2021-07-30,22109,5255265,21788,5222071,321.0,33194.0
nation,England,E92000001,2021-07-29,25361,5233156,25012,5200283,349.0,32873.0
nation,England,E92000001,2021-07-28,26925,5207795,26568,5175271,357.0,32524.0
nation,England,E92000001,2021-07-27,26026,5180870,25650,5148703,376.0,32167.0
nation,England,E92000001,2021-07-26,26540,5154844,26173,5123053,367.0,31791.0
nation,England,E92000001,2021-07-25,19657,5128304,19405,5096880,252.0,31424.0
nation,England,E92000001,2021-07-24,20276,5108647,20013,5077475,263.0,31172.0
nation,England,E92000001,2021-07-23,24586,5088371,24280,5057462,306.0,30909.0
nation,England,E92000001,2021-07-22,27711,5063785,27382,5033182,329.0,30603.0
nation,England,E92000001,2021-07-21,31676,5036074,31292,5005800,384.0,30274.0
nation,England,E92000001,2021-07-20,35948,5004398,35418,4974508,530.0,29890.0
nation,England,E92000001,2021-07-19,43401,4968450,42819,4939090,582.0,29360.0
nation,England,E92000001,2021-07-18,33163,4925049,32765,4896271,398.0,28778.0
nation,England,E92000001,2021-07-17,35280,4891886,34904,4863506,376.0,28380.0
nation,England,E92000001,2021-07-16,51137,4856606,50518,4828602,619.0,28004.0
nation,England,E92000001,2021-07-15,57583,4805469,56823,4778084,760.0,27385.0
nation,England,E92000001,2021-07-14,50319,4747886,49652,4721261,667.0,26625.0
nation,England,E92000001,2021-07-13,43246,4697567,42656,4671609,590.0,25958.0
nation,England,E92000001,2021-07-12,40478,4654321,39958,4628953,520.0,25368.0
nation,England,E92000001,2021-07-11,27418,4613843,27133,4588995,285.0,24848.0
nation,England,E92000001,2021-07-10,25411,4586425,25117,4561862,294.0,24563.0
nation,England,E92000001,2021-07-09,29049,4561014,28692,4536745,357.0,24269.0
nation,England,E92000001,2021-07-08,29925,4531965,29534,4508053,391.0,23912.0
nation,England,E92000001,2021-07-07,34274,4502040,33813,4478519,461.0,23521.0
nation,England,E92000001,2021-07-06,31627,4467766,31200,4444706,427.0,23060.0
nation,England,E92000001,2021-07-05,30215,4436139,29762,4413506,453.0,22633.0
nation,England,E92000001,2021-07-04,21806,4405924,21525,4383744,281.0,22180.0
nation,England,E92000001,2021-07-03,20638,4384118,20365,4362219,273.0,21899.0
nation,England,E92000001,2021-07-02,22288,4363480,21956,4341854,332.0,21626.0
nation,England,E92000001,2021-07-01,24267,4341192,23840,4319898,427.0,21294.0
nation,England,E92000001,2021-06-30,23941,4316925,23593,4296058,348.0,20867.0
nation,England,E92000001,2021-06-29,23250,4292984,22881,4272465,369.0,20519.0
nation,England,E92000001,2021-06-28,23511,4269734,23077,4249584,434.0,20150.0
nation,England,E92000001,2021-06-27,15407,4246223,15150,4226507,257.0,19716.0
nation,England,E92000001,2021-06-26,13486,4230816,13273,4211357,213.0,19459.0
nation,England,E92000001,2021-06-25,14901,4217330,14626,4198084,275.0,19246.0
nation,England,E92000001,2021-06-24,15082,4202429,14813,4183458,269.0,18971.0
nation,England,E92000001,2021-06-23,14805,4187347,14523,4168645,282.0,18702.0
nation,England,E92000001,2021-06-22,13564,4172542,13316,4154122,248.0,18420.0
nation,England,E92000001,2021-06-21,12706,4158978,12485,4140806,221.0,18172.0
nation,England,E92000001,2021-06-20,8204,4146272,8066,4128321,138.0,17951.0
nation,England,E92000001,2021-06-19,7126,4138068,6989,4120255,137.0,17813.0
nation,England,E92000001,2021-06-18,8772,4130942,8565,4113266,207.0,17676.0
nation,England,E92000001,2021-06-17,9523,4122170,9293,4104701,230.0,17469.0
nation,England,E92000001,2021-06-16,9411,4112647,9240,4095408,171.0,17239.0
nation,England,E92000001,2021-06-15,9149,4103236,8931,4086168,218.0,17068.0
nation,England,E92000001,2021-06-14,8941,4094087,8766,4077237,175.0,16850.0
nation,England,E92000001,2021-06-13,6075,4085146,5957,4068471,118.0,16675.0
nation,England,E92000001,2021-06-12,5422,4079071,5310,4062514,112.0,16557.0
nation,England,E92000001,2021-06-11,6510,4073649,6375,4057204,135.0,16445.0
nation,England,E92000001,2021-06-10,6717,4067139,6582,4050829,135.0,16310.0
nation,England,E92000001,2021-06-09,6919,4060422,6794,4044247,125.0,16175.0
nation,England,E92000001,2021-06-08,6630,4053503,6476,4037453,154.0,16050.0
nation,England,E92000001,2021-06-07,6790,4046873,6648,4030977,142.0,15896.0
nation,England,E92000001,2021-06-06,4729,4040083,4640,4024329,89.0,15754.0
nation,England,E92000001,2021-06-05,3964,4035354,3909,4019689,55.0,15665.0
nation,England,E92000001,2021-06-04,4885,4031390,4797,4015780,88.0,15610.0
nation,England,E92000001,2021-06-03,5129,4026505,5017,4010983,112.0,15522.0
nation,England,E92000001,2021-06-02,5039,4021376,4952,4005966,87.0,15410.0
nation,England,E92000001,2021-06-01,4515,4016337,4391,4001014,124.0,15323.0
nation,England,E92000001,2021-05-31,3170,4011822,3089,3996623,81.0,15199.0
nation,England,E92000001,2021-05-30,2598,4008652,2551,3993534,47.0,15118.0
nation,England,E92000001,2021-05-29,2462,4006054,2420,3990983,42.0,15071.0
nation,England,E92000001,2021-05-28,2929,4003592,2853,3988563,76.0,15029.0
nation,England,E92000001,2021-05-27,3075,4000663,2990,3985710,85.0,14953.0
nation,England,E92000001,2021-05-26,3178,3997588,3098,3982720,80.0,14868.0
nation,England,E92000001,2021-05-25,2797,3994410,2712,3979622,85.0,14788.0
nation,England,E92000001,2021-05-24,2749,3991613,2658,3976910,91.0,14703.0
nation,England,E92000001,2021-05-23,1918,3988864,1863,3974252,55.0,14612.0
nation,England,E92000001,2021-05-22,1606,3986946,1554,3972389,52.0,14557.0
nation,England,E92000001,2021-05-21,1870,3985340,1820,3970835,50.0,14505.0
nation,England,E92000001,2021-05-20,2000,3983470,1934,3969015,66.0,14455.0
nation,England,E92000001,2021-05-19,2260,3981470,2193,3967081,67.0,14389.0
nation,England,E92000001,2021-05-18,2241,3979210,2165,3964888,76.0,14322.0
nation,England,E92000001,2021-05-17,2341,3976969,2264,3962723,77.0,14246.0
nation,England,E92000001,2021-05-16,1586,3974628,1541,3960459,45.0,14169.0
nation,England,E92000001,2021-05-15,1304,3973042,1269,3958918,35.0,14124.0
nation,England,E92000001,2021-05-14,1538,3971738,1480,3957649,58.0,14089.0
nation,England,E92000001,2021-05-13,1737,3970200,1679,3956169,58.0,14031.0
nation,England,E92000001,2021-05-12,1868,3968463,1797,3954490,71.0,13973.0
nation,England,E92000001,2021-05-11,1871,3966595,1805,3952693,66.0,13902.0
nation,England,E92000001,2021-05-10,2324,3964724,2259,3950888,65.0,13836.0
nation,England,E92000001,2021-05-09,1985,3962400,1915,3948629,70.0,13771.0
nation,England,E92000001,2021-05-08,1300,3960415,1259,3946714,41.0,13701.0
nation,England,E92000001,2021-05-07,1656,3959115,1598,3945455,58.0,13660.0
nation,England,E92000001,2021-05-06,1966,3957459,1883,3943857,83.0,13602.0
nation,England,E92000001,2021-05-05,2203,3955493,2109,3941974,94.0,13519.0
nation,England,E92000001,2021-05-04,2198,3953290,2119,3939865,79.0,13425.0
nation,England,E92000001,2021-05-03,1806,3951092,1752,3937746,54.0,13346.0
nation,England,E92000001,2021-05-02,1305,3949286,1257,3935994,48.0,13292.0
nation,England,E92000001,2021-05-01,1209,3947981,1166,3934737,43.0,13244.0
nation,England,E92000001,2021-04-30,1528,3946772,1456,3933571,72.0,13201.0
nation,England,E92000001,2021-04-29,1901,3945244,1819,3932115,82.0,13129.0
nation,England,E92000001,2021-04-28,2153,3943343,2080,3930296,73.0,13047.0
nation,England,E92000001,2021-04-27,1808,3941190,1749,3928216,59.0,12974.0
nation,England,E92000001,2021-04-26,2268,3939382,2164,3926467,104.0,12915.0
nation,England,E92000001,2021-04-25,1897,3937114,1831,3924303,66.0,12811.0
nation,England,E92000001,2021-04-24,1300,3935217,1256,3922472,44.0,12745.0
nation,England,E92000001,2021-04-23,1701,3933917,1626,3921216,75.0,12701.0
nation,England,E92000001,2021-04-22,2032,3932216,1944,3919590,88.0,12626.0
nation,England,E92000001,2021-04-21,2299,3930184,2216,3917646,83.0,12538.0
nation,England,E92000001,2021-04-20,2112,3927885,2005,3915430,107.0,12455.0
nation,England,E92000001,2021-04-19,2268,3925773,2182,3913425,86.0,12348.0
nation,England,E92000001,2021-04-18,2281,3923505,2214,3911243,67.0,12262.0
nation,England,E92000001,2021-04-17,1398,3921224,1361,3909029,37.0,12195.0
nation,England,E92000001,2021-04-16,1963,3919826,1902,3907668,61.0,12158.0
nation,England,E92000001,2021-04-15,1959,3917863,1885,3905766,74.0,12097.0
nation,England,E92000001,2021-04-14,2068,3915904,2009,3903881,59.0,12023.0
nation,England,E92000001,2021-04-13,2060,3913836,1981,3901872,79.0,11964.0
nation,England,E92000001,2021-04-12,2398,3911776,2316,3899891,82.0,11885.0
nation,England,E92000001,2021-04-11,2020,3909378,1983,3897575,37.0,11803.0
nation,England,E92000001,2021-04-10,2009,3907358,1972,3895592,37.0,11766.0
nation,England,E92000001,2021-04-09,2481,3905349,2419,3893620,62.0,11729.0
nation,England,E92000001,2021-04-08,2651,3902868,2573,3891201,78.0,11667.0
nation,England,E92000001,2021-04-07,2752,3900217,2688,3888628,64.0,11589.0
nation,England,E92000001,2021-04-06,2755,3897465,2680,3885940,75.0,11525.0
nation,England,E92000001,2021-04-05,2314,3894710,2269,3883260,45.0,11450.0
nation,England,E92000001,2021-04-04,2043,3892396,2006,3880991,37.0,11405.0
nation,England,E92000001,2021-04-03,2119,3890353,2093,3878985,26.0,11368.0
nation,England,E92000001,2021-04-02,2248,3888234,2212,3876892,36.0,11342.0
nation,England,E92000001,2021-04-01,3067,3885986,3015,3874680,52.0,11306.0
nation,England,E92000001,2021-03-31,3341,3882919,3285,3871665,56.0,11254.0
nation,England,E92000001,2021-03-30,3135,3879578,3079,3868380,56.0,11198.0
nation,England,E92000001,2021-03-29,3422,3876443,3363,3865301,59.0,11142.0
nation,England,E92000001,2021-03-28,4476,3873021,4415,3861938,61.0,11083.0
nation,England,E92000001,2021-03-27,3136,3868545,3097,3857523,39.0,11022.0
nation,England,E92000001,2021-03-26,3803,3865409,3756,3854426,47.0,10983.0
nation,England,E92000001,2021-03-25,4674,3861606,4609,3850670,65.0,10936.0
nation,England,E92000001,2021-03-24,5321,3856932,5252,3846061,69.0,10871.0
nation,England,E92000001,2021-03-23,4563,3851611,4502,3840809,61.0,10802.0
nation,England,E92000001,2021-03-22,5399,3847048,5340,3836307,59.0,10741.0
nation,England,E92000001,2021-03-21,4677,3841649,4628,3830967,49.0,10682.0
nation,England,E92000001,2021-03-20,3513,3836972,3484,3826339,29.0,10633.0
nation,England,E92000001,2021-03-19,4329,3833459,4274,3822855,55.0,10604.0
nation,England,E92000001,2021-03-18,4680,3829130,4649,3818581,31.0,10549.0
nation,England,E92000001,2021-03-17,5046,3824450,4999,3813932,47.0,10518.0
nation,England,E92000001,2021-03-16,4919,3819404,4875,3808933,44.0,10471.0
nation,England,E92000001,2021-03-15,5638,3814485,5584,3804058,54.0,10427.0
nation,England,E92000001,2021-03-14,3707,3808847,3676,3798474,31.0,10373.0
nation,England,E92000001,2021-03-13,3590,3805140,3562,3794798,28.0,10342.0
nation,England,E92000001,2021-03-12,4766,3801550,4729,3791236,37.0,10314.0
nation,England,E92000001,2021-03-11,4848,3796784,4809,3786507,39.0,10277.0
nation,England,E92000001,2021-03-10,5223,3791936,5165,3781698,58.0,10238.0
nation,England,E92000001,2021-03-09,5488,3786713,5409,3776533,79.0,10180.0
nation,England,E92000001,2021-03-08,5818,3781225,5734,3771124,84.0,10101.0
nation,England,E92000001,2021-03-07,3677,3775407,3648,3765390,29.0,10017.0
nation,England,E92000001,2021-03-06,3832,3771730,3809,3761742,23.0,9988.0
nation,England,E92000001,2021-03-05,4728,3767898,4678,3757933,50.0,9965.0
nation,England,E92000001,2021-03-04,5011,3763170,4956,3753255,55.0,9915.0
nation,England,E92000001,2021-03-03,5305,3758159,5252,3748299,53.0,9860.0
nation,England,E92000001,2021-03-02,5951,3752854,5856,3743047,95.0,9807.0
nation,England,E92000001,2021-03-01,6215,3746903,6088,3737191,127.0,9712.0
nation,England,E92000001,2021-02-28,4112,3740688,4080,3731103,32.0,9585.0
nation,England,E92000001,2021-02-27,4254,3736576,4230,3727023,24.0,9553.0
nation,England,E92000001,2021-02-26,5884,3732322,5832,3722793,52.0,9529.0
nation,England,E92000001,2021-02-25,6935,3726438,6832,3716961,103.0,9477.0
nation,England,E92000001,2021-02-24,7620,3719503,7525,3710129,95.0,9374.0
nation,England,E92000001,2021-02-23,8536,3711883,8424,3702604,112.0,9279.0
nation,England,E92000001,2021-02-22,10278,3703347,10120,3694180,158.0,9167.0
nation,England,E92000001,2021-02-21,7032,3693069,6986,3684060,46.0,9009.0
nation,England,E92000001,2021-02-20,7161,3686037,7113,3677074,48.0,8963.0
nation,England,E92000001,2021-02-19,9246,3678876,9139,3669961,107.0,8915.0
nation,England,E92000001,2021-02-18,10304,3669630,10207,3660822,97.0,8808.0
nation,England,E92000001,2021-02-17,10419,3659326,10316,3650615,103.0,8711.0
nation,England,E92000001,2021-02-16,11270,3648907,11171,3640299,99.0,8608.0
nation,England,E92000001,2021-02-15,12953,3637637,12804,3629128,149.0,8509.0
nation,England,E92000001,2021-02-14,7780,3624684,7743,3616324,37.0,8360.0
nation,England,E92000001,2021-02-13,8025,3616904,7985,3608581,40.0,8323.0
nation,England,E92000001,2021-02-12,10986,3608879,10893,3600596,93.0,8283.0
nation,England,E92000001,2021-02-11,11637,3597893,11567,3589703,70.0,8190.0
nation,England,E92000001,2021-02-10,12272,3586256,12173,3578136,99.0,8120.0
nation,England,E92000001,2021-02-09,12696,3573984,12591,3565963,105.0,8021.0
nation,England,E92000001,2021-02-08,14370,3561288,14268,3553372,102.0,7916.0
nation,England,E92000001,2021-02-07,10457,3546918,10420,3539104,37.0,7814.0
nation,England,E92000001,2021-02-06,10951,3536461,10910,3528684,41.0,7777.0
nation,England,E92000001,2021-02-05,14462,3525510,14374,3517774,88.0,7736.0
nation,England,E92000001,2021-02-04,16717,3511048,16629,3503400,88.0,7648.0
nation,England,E92000001,2021-02-03,17948,3494331,17851,3486771,97.0,7560.0
nation,England,E92000001,2021-02-02,18194,3476383,18100,3468920,94.0,7463.0
nation,England,E92000001,2021-02-01,20765,3458189,20672,3450820,93.0,7369.0
nation,England,E92000001,2021-01-31,14138,3437424,14089,3430148,49.0,7276.0
nation,England,E92000001,2021-01-30,15524,3423286,15463,3416059,61.0,7227.0
nation,England,E92000001,2021-01-29,20362,3407762,20276,3400596,86.0,7166.0
nation,England,E92000001,2021-01-28,22523,3387400,22428,3380320,95.0,7080.0
nation,England,E92000001,2021-01-27,23899,3364877,23806,3357892,93.0,6985.0
nation,England,E92000001,2021-01-26,25210,3340978,25086,3334086,124.0,6892.0
nation,England,E92000001,2021-01-25,27972,3315768,27851,3309000,121.0,6768.0
nation,England,E92000001,2021-01-24,15883,3287796,15850,3281149,33.0,6647.0
nation,England,E92000001,2021-01-23,20426,3271913,20365,3265299,61.0,6614.0
nation,England,E92000001,2021-01-22,27741,3251487,27643,3244934,98.0,6553.0
nation,England,E92000001,2021-01-21,29633,3223746,29518,3217291,115.0,6455.0
nation,England,E92000001,2021-01-20,32679,3194113,32547,3187773,132.0,6340.0
nation,England,E92000001,2021-01-19,37056,3161434,36894,3155226,162.0,6208.0
nation,England,E92000001,2021-01-18,41936,3124378,41759,3118332,177.0,6046.0
nation,England,E92000001,2021-01-17,26976,3082442,26904,3076573,72.0,5869.0
nation,England,E92000001,2021-01-16,28412,3055466,28334,3049669,78.0,5797.0
nation,England,E92000001,2021-01-15,37878,3027054,37759,3021335,119.0,5719.0
nation,England,E92000001,2021-01-14,39659,2989176,39527,2983576,132.0,5600.0
nation,England,E92000001,2021-01-13,42303,2949517,42198,2944049,105.0,5468.0
nation,England,E92000001,2021-01-12,45968,2907214,45798,2901851,170.0,5363.0
nation,England,E92000001,2021-01-11,53519,2861246,53344,2856053,175.0,5193.0
nation,England,E92000001,2021-01-10,33749,2807727,33692,2802709,57.0,5018.0
nation,England,E92000001,2021-01-09,36419,2773978,36348,2769017,71.0,4961.0
nation,England,E92000001,2021-01-08,43494,2737559,43381,2732669,113.0,4890.0
nation,England,E92000001,2021-01-07,48132,2694065,48018,2689288,114.0,4777.0
nation,England,E92000001,2021-01-06,52752,2645933,52622,2641270,130.0,4663.0
nation,England,E92000001,2021-01-05,59599,2593181,59426,2588648,173.0,4533.0
nation,England,E92000001,2021-01-04,70920,2533582,70761,2529222,159.0,4360.0
nation,England,E92000001,2021-01-03,50664,2462662,50599,2458461,65.0,4201.0
nation,England,E92000001,2021-01-02,55428,2411998,55345,2407862,83.0,4136.0
nation,England,E92000001,2021-01-01,28879,2356570,28836,2352517,43.0,4053.0
nation,England,E92000001,2020-12-31,47823,2327691,47759,2323681,64.0,4010.0
nation,England,E92000001,2020-12-30,64243,2279868,64131,2275922,112.0,3946.0
nation,England,E92000001,2020-12-29,74058,2215625,73926,2211791,132.0,3834.0
nation,England,E92000001,2020-12-28,40846,2141567,40799,2137865,47.0,3702.0
nation,England,E92000001,2020-12-27,43250,2100721,43200,2097066,50.0,3655.0
nation,England,E92000001,2020-12-26,37462,2057471,37421,2053866,41.0,3605.0
nation,England,E92000001,2020-12-25,12926,2020009,12906,2016445,20.0,3564.0
nation,England,E92000001,2020-12-24,29287,2007083,29244,2003539,43.0,3544.0
nation,England,E92000001,2020-12-23,38383,1977796,38326,1974295,57.0,3501.0
nation,England,E92000001,2020-12-22,41741,1939413,41658,1935969,83.0,3444.0
nation,England,E92000001,2020-12-21,43446,1897672,43383,1894311,63.0,3361.0
nation,England,E92000001,2020-12-20,29556,1854226,29523,1850928,33.0,3298.0
nation,England,E92000001,2020-12-19,22196,1824670,22168,1821405,28.0,3265.0
nation,England,E92000001,2020-12-18,32426,1802474,32380,1799237,46.0,3237.0
nation,England,E92000001,2020-12-17,30160,1770048,30116,1766857,44.0,3191.0
nation,England,E92000001,2020-12-16,30650,1739888,30611,1736741,39.0,3147.0
nation,England,E92000001,2020-12-15,29652,1709238,29609,1706130,43.0,3108.0
nation,England,E92000001,2020-12-14,30019,1679586,29975,1676521,44.0,3065.0
nation,England,E92000001,2020-12-13,18409,1649567,18391,1646546,18.0,3021.0
nation,England,E92000001,2020-12-12,16268,1631158,16241,1628155,27.0,3003.0
nation,England,E92000001,2020-12-11,20177,1614890,20142,1611914,35.0,2976.0
nation,England,E92000001,2020-12-10,18850,1594713,18819,1591772,31.0,2941.0
nation,England,E92000001,2020-12-09,17744,1575863,17708,1572953,36.0,2910.0
nation,England,E92000001,2020-12-08,16937,1558119,16902,1555245,35.0,2874.0
nation,England,E92000001,2020-12-07,17663,1541182,17627,1538343,36.0,2839.0
nation,England,E92000001,2020-12-06,11036,1523519,11022,1520716,14.0,2803.0
nation,England,E92000001,2020-12-05,10302,1512483,10295,1509694,7.0,2789.0
nation,England,E92000001,2020-12-04,13065,1502181,13045,1499399,20.0,2782.0
nation,England,E92000001,2020-12-03,12762,1489116,12734,1486354,28.0,2762.0
nation,England,E92000001,2020-12-02,13662,1476354,13636,1473620,26.0,2734.0
nation,England,E92000001,2020-12-01,13731,1462692,13700,1459984,31.0,2708.0
nation,England,E92000001,2020-11-30,15227,1448961,15202,1446284,25.0,2677.0
nation,England,E92000001,2020-11-29,9067,1433734,9055,1431082,12.0,2652.0
nation,England,E92000001,2020-11-28,9347,1424667,9332,1422027,15.0,2640.0
nation,England,E92000001,2020-11-27,12460,1415320,12437,1412695,23.0,2625.0
nation,England,E92000001,2020-11-26,12459,1402860,12441,1400258,18.0,2602.0
nation,England,E92000001,2020-11-25,14154,1390401,14129,1387817,25.0,2584.0
nation,England,E92000001,2020-11-24,14264,1376247,14238,1373688,26.0,2559.0
nation,England,E92000001,2020-11-23,16472,1361983,16449,1359450,23.0,2533.0
nation,England,E92000001,2020-11-22,10216,1345511,10206,1343001,10.0,2510.0
nation,England,E92000001,2020-11-21,10806,1335295,10794,1332795,12.0,2500.0
nation,England,E92000001,2020-11-20,14960,1324489,14936,1322001,24.0,2488.0
nation,England,E92000001,2020-11-19,15797,1309529,15775,1307065,22.0,2464.0
nation,England,E92000001,2020-11-18,18549,1293732,18516,1291290,33.0,2442.0
nation,England,E92000001,2020-11-17,20676,1275183,20654,1272774,22.0,2409.0
nation,England,E92000001,2020-11-16,24135,1254507,24107,1252120,28.0,2387.0
nation,England,E92000001,2020-11-15,14421,1230372,14408,1228013,13.0,2359.0
nation,England,E92000001,2020-11-14,16290,1215951,16278,1213605,12.0,2346.0
nation,England,E92000001,2020-11-13,22009,1199661,21983,1197327,26.0,2334.0
nation,England,E92000001,2020-11-12,22320,1177652,22289,1175344,31.0,2308.0
nation,England,E92000001,2020-11-11,25065,1155332,25036,1153055,29.0,2277.0
nation,England,E92000001,2020-11-10,24836,1130267,24803,1128019,33.0,2248.0
nation,England,E92000001,2020-11-09,28561,1105431,28519,1103216,42.0,2215.0
nation,England,E92000001,2020-11-08,18273,1076870,18255,1074697,18.0,2173.0
nation,England,E92000001,2020-11-07,16888,1058597,16877,1056442,11.0,2155.0
nation,England,E92000001,2020-11-06,21180,1041709,21146,1039565,34.0,2144.0
nation,England,E92000001,2020-11-05,21205,1020529,21167,1018419,38.0,2110.0
nation,England,E92000001,2020-11-04,21053,999324,21021,997252,32.0,2072.0
nation,England,E92000001,2020-11-03,22690,978271,22649,976231,41.0,2040.0
nation,England,E92000001,2020-11-02,28394,955581,28356,953582,38.0,1999.0
nation,England,E92000001,2020-11-01,13611,927187,13591,925226,20.0,1961.0
nation,England,E92000001,2020-10-31,14565,913576,14549,911635,16.0,1941.0
nation,England,E92000001,2020-10-30,19899,899011,19871,897086,28.0,1925.0
nation,England,E92000001,2020-10-29,20257,879112,20227,877215,30.0,1897.0
nation,England,E92000001,2020-10-28,20547,858855,20523,856988,24.0,1867.0
nation,England,E92000001,2020-10-27,20761,838308,20740,836465,21.0,1843.0
nation,England,E92000001,2020-10-26,23033,817547,23008,815725,25.0,1822.0
nation,England,E92000001,2020-10-25,13354,794514,13345,792717,9.0,1797.0
nation,England,E92000001,2020-10-24,13713,781160,13696,779372,17.0,1788.0
nation,England,E92000001,2020-10-23,18359,767447,18329,765676,30.0,1771.0
nation,England,E92000001,2020-10-22,19866,749088,19849,747347,17.0,1741.0
nation,England,E92000001,2020-10-21,21762,729222,21735,727498,27.0,1724.0
nation,England,E92000001,2020-10-20,21638,707460,21590,705763,48.0,1697.0
nation,England,E92000001,2020-10-19,22369,685822,22342,684173,27.0,1649.0
nation,England,E92000001,2020-10-18,11982,663453,11966,661831,16.0,1622.0
nation,England,E92000001,2020-10-17,12487,651471,12472,649865,15.0,1606.0
nation,England,E92000001,2020-10-16,14761,638984,14730,637393,31.0,1591.0
nation,England,E92000001,2020-10-15,15429,624223,15394,622663,35.0,1560.0
nation,England,E92000001,2020-10-14,16646,608794,16626,607269,20.0,1525.0
nation,England,E92000001,2020-10-13,15660,592148,15625,590643,35.0,1505.0
nation,England,E92000001,2020-10-12,16420,576488,16395,575018,25.0,1470.0
nation,England,E92000001,2020-10-11,9781,560068,9772,558623,9.0,1445.0
nation,England,E92000001,2020-10-10,10301,550287,10287,548851,14.0,1436.0
nation,England,E92000001,2020-10-09,13159,539986,13131,538564,28.0,1422.0
nation,England,E92000001,2020-10-08,15452,526827,15434,525433,18.0,1394.0
nation,England,E92000001,2020-10-07,15418,511375,15387,509999,31.0,1376.0
nation,England,E92000001,2020-10-06,14458,495957,14430,494612,28.0,1345.0
nation,England,E92000001,2020-10-05,14218,481499,14184,480182,34.0,1317.0
nation,England,E92000001,2020-10-04,9966,467281,9957,465998,9.0,1283.0
nation,England,E92000001,2020-10-03,9820,457315,9810,456041,10.0,1274.0
nation,England,E92000001,2020-10-02,11719,447495,11692,446231,27.0,1264.0
nation,England,E92000001,2020-10-01,11444,435776,11416,434539,28.0,1237.0
nation,England,E92000001,2020-09-30,10663,424332,10632,423123,31.0,1209.0
nation,England,E92000001,2020-09-29,8832,413669,8797,412491,35.0,1178.0
nation,England,E92000001,2020-09-28,8641,404837,8625,403694,16.0,1143.0
nation,England,E92000001,2020-09-27,6084,396196,6075,395069,9.0,1127.0
nation,England,E92000001,2020-09-26,5704,390112,5699,388994,5.0,1118.0
nation,England,E92000001,2020-09-25,6105,384408,6090,383295,15.0,1113.0
nation,England,E92000001,2020-09-24,6361,378303,6340,377205,21.0,1098.0
nation,England,E92000001,2020-09-23,5933,371942,5913,370865,20.0,1077.0
nation,England,E92000001,2020-09-22,5400,366009,5379,364952,21.0,1057.0
nation,England,E92000001,2020-09-21,4727,360609,4715,359573,12.0,1036.0
nation,England,E92000001,2020-09-20,4652,355882,4645,354858,7.0,1024.0
nation,England,E92000001,2020-09-19,4215,351230,4210,350213,5.0,1017.0
nation,England,E92000001,2020-09-18,4290,347015,4266,346003,24.0,1012.0
nation,England,E92000001,2020-09-17,3979,342725,3959,341737,20.0,988.0
nation,England,E92000001,2020-09-16,3778,338746,3753,337778,25.0,968.0
nation,England,E92000001,2020-09-15,3057,334968,3032,334025,25.0,943.0
nation,England,E92000001,2020-09-14,2941,331911,2915,330993,26.0,918.0
nation,England,E92000001,2020-09-13,1722,328970,1719,328078,3.0,892.0
nation,England,E92000001,2020-09-12,2224,327248,2216,326359,8.0,889.0
nation,England,E92000001,2020-09-11,2893,325024,2868,324143,25.0,881.0
nation,England,E92000001,2020-09-10,3143,322131,3123,321275,20.0,856.0
nation,England,E92000001,2020-09-09,2893,318988,2873,318152,20.0,836.0
nation,England,E92000001,2020-09-08,3071,316095,3035,315279,36.0,816.0
nation,England,E92000001,2020-09-07,3530,313024,3482,312244,48.0,780.0
nation,England,E92000001,2020-09-06,2079,309494,2069,308762,10.0,732.0
nation,England,E92000001,2020-09-05,2200,307415,2195,306693,5.0,722.0
nation,England,E92000001,2020-09-04,2637,305215,2605,304498,32.0,717.0
nation,England,E92000001,2020-09-03,2716,302578,2671,301893,45.0,685.0
nation,England,E92000001,2020-09-02,2696,299862,2643,299222,53.0,640.0
nation,England,E92000001,2020-09-01,1962,297166,1941,296579,21.0,587.0
nation,England,E92000001,2020-08-31,1279,295204,1272,294638,7.0,566.0
nation,England,E92000001,2020-08-30,987,293925,983,293366,4.0,559.0
nation,England,E92000001,2020-08-29,1051,292938,1047,292383,4.0,555.0
nation,England,E92000001,2020-08-28,1395,291887,1386,291336,9.0,551.0
nation,England,E92000001,2020-08-27,1356,290492,1330,289950,26.0,542.0
nation,England,E92000001,2020-08-26,1181,289136,1156,288620,25.0,516.0
nation,England,E92000001,2020-08-25,1085,287955,1069,287464,16.0,491.0
nation,England,E92000001,2020-08-24,1157,286870,1146,286395,11.0,475.0
nation,England,E92000001,2020-08-23,704,285713,701,285249,3.0,464.0
nation,England,E92000001,2020-08-22,732,285009,727,284548,5.0,461.0
nation,England,E92000001,2020-08-21,1031,284277,1014,283821,17.0,456.0
nation,England,E92000001,2020-08-20,1254,283246,1231,282807,23.0,439.0
nation,England,E92000001,2020-08-19,1109,281992,1086,281576,23.0,416.0
nation,England,E92000001,2020-08-18,955,280883,939,280490,16.0,393.0
nation,England,E92000001,2020-08-17,1159,279928,1150,279551,9.0,377.0
nation,England,E92000001,2020-08-16,534,278769,529,278401,5.0,368.0
nation,England,E92000001,2020-08-15,656,278235,655,277872,1.0,363.0
nation,England,E92000001,2020-08-14,1059,277579,1040,277217,19.0,362.0
nation,England,E92000001,2020-08-13,1036,276520,1030,276177,6.0,343.0
nation,England,E92000001,2020-08-12,1126,275484,1107,275147,19.0,337.0
nation,England,E92000001,2020-08-11,1247,274358,1221,274040,26.0,318.0
nation,England,E92000001,2020-08-10,1375,273111,1361,272819,14.0,292.0
nation,England,E92000001,2020-08-09,569,271736,565,271458,4.0,278.0
nation,England,E92000001,2020-08-08,648,271167,642,270893,6.0,274.0
nation,England,E92000001,2020-08-07,892,270519,881,270251,11.0,268.0
nation,England,E92000001,2020-08-06,1005,269627,991,269370,14.0,257.0
nation,England,E92000001,2020-08-05,974,268622,952,268379,22.0,243.0
nation,England,E92000001,2020-08-04,965,267648,938,267427,27.0,221.0
nation,England,E92000001,2020-08-03,963,266683,947,266489,16.0,194.0
nation,England,E92000001,2020-08-02,518,265720,514,265542,4.0,178.0
nation,England,E92000001,2020-08-01,508,265202,503,265028,5.0,174.0
nation,England,E92000001,2020-07-31,644,264694,635,264525,9.0,169.0
nation,England,E92000001,2020-07-30,879,264050,864,263890,15.0,160.0
nation,England,E92000001,2020-07-29,994,263171,979,263026,15.0,145.0
nation,England,E92000001,2020-07-28,796,262177,783,262047,13.0,130.0
nation,England,E92000001,2020-07-27,824,261381,814,261264,10.0,117.0
nation,England,E92000001,2020-07-26,518,260557,517,260450,1.0,107.0
nation,England,E92000001,2020-07-25,499,260039,496,259933,3.0,106.0
nation,England,E92000001,2020-07-24,720,259540,712,259437,8.0,103.0
nation,England,E92000001,2020-07-23,741,258820,736,258725,5.0,95.0
nation,England,E92000001,2020-07-22,764,258079,756,257989,8.0,90.0
nation,England,E92000001,2020-07-21,697,257315,691,257233,6.0,82.0
nation,England,E92000001,2020-07-20,769,256618,759,256542,10.0,76.0
nation,England,E92000001,2020-07-19,419,255849,414,255783,5.0,66.0
nation,England,E92000001,2020-07-18,473,255430,471,255369,2.0,61.0
nation,England,E92000001,2020-07-17,548,254957,547,254898,1.0,59.0
nation,England,E92000001,2020-07-16,644,254409,639,254351,5.0,58.0
nation,England,E92000001,2020-07-15,726,253765,722,253712,4.0,53.0
nation,England,E92000001,2020-07-14,661,253039,657,252990,4.0,49.0
nation,England,E92000001,2020-07-13,694,252378,694,252333,0.0,45.0
nation,England,E92000001,2020-07-12,351,251684,351,251639,0.0,45.0
nation,England,E92000001,2020-07-11,433,251333,429,251288,4.0,45.0
nation,England,E92000001,2020-07-10,524,250900,521,250859,3.0,41.0
nation,England,E92000001,2020-07-09,688,250376,682,250338,6.0,38.0
nation,England,E92000001,2020-07-08,682,249688,676,249656,6.0,32.0
nation,England,E92000001,2020-07-07,565,249006,562,248980,3.0,26.0
nation,England,E92000001,2020-07-06,664,248441,660,248418,4.0,23.0
nation,England,E92000001,2020-07-05,544,247777,543,247758,1.0,19.0
nation,England,E92000001,2020-07-04,385,247233,385,247215,0.0,18.0
nation,England,E92000001,2020-07-03,536,246848,535,246830,1.0,18.0
nation,England,E92000001,2020-07-02,561,246312,557,246295,4.0,17.0
nation,England,E92000001,2020-07-01,607,245751,604,245738,3.0,13.0
nation,England,E92000001,2020-06-30,578,245144,577,245134,1.0,10.0
nation,England,E92000001,2020-06-29,666,244566,664,244557,2.0,9.0
nation,England,E92000001,2020-06-28,413,243900,412,243893,1.0,7.0
nation,England,E92000001,2020-06-27,506,243487,504,243481,2.0,6.0
nation,England,E92000001,2020-06-26,640,242981,639,242977,1.0,4.0
nation,England,E92000001,2020-06-25,643,242341,643,242338,0.0,3.0
nation,England,E92000001,2020-06-24,732,241698,731,241695,1.0,3.0
nation,England,E92000001,2020-06-23,727,240966,726,240964,1.0,2.0
nation,England,E92000001,2020-06-22,821,240239,821,240238,0.0,1.0
nation,England,E92000001,2020-06-21,550,239418,550,239417,0.0,1.0
nation,England,E92000001,2020-06-20,626,238868,626,238867,0.0,1.0
nation,England,E92000001,2020-06-19,818,238242,817,238241,1.0,1.0
nation,England,E92000001,2020-06-18,938,237424,938,237424,,
nation,England,E92000001,2020-06-17,914,236486,914,236486,,
nation,England,E92000001,2020-06-16,996,235572,996,235572,,
nation,England,E92000001,2020-06-15,944,234576,944,234576,,
nation,England,E92000001,2020-06-14,752,233632,752,233632,,
nation,England,E92000001,2020-06-13,785,232880,785,232880,,
nation,England,E92000001,2020-06-12,938,232095,938,232095,,
nation,England,E92000001,2020-06-11,915,231157,915,231157,,
nation,England,E92000001,2020-06-10,1086,230242,1086,230242,,
nation,England,E92000001,2020-06-09,1066,229156,1066,229156,,
nation,England,E92000001,2020-06-08,990,228090,990,228090,,
nation,England,E92000001,2020-06-07,668,227100,668,227100,,
nation,England,E92000001,2020-06-06,723,226432,723,226432,,
nation,England,E92000001,2020-06-05,1020,225709,1020,225709,,
nation,England,E92000001,2020-06-04,1147,224689,1147,224689,,
nation,England,E92000001,2020-06-03,1251,223542,1251,223542,,
nation,England,E92000001,2020-06-02,1365,222291,1365,222291,,
nation,England,E92000001,2020-06-01,1319,220926,1319,220926,,
nation,England,E92000001,2020-05-31,984,219607,984,219607,,
nation,England,E92000001,2020-05-30,1010,218623,1010,218623,,
nation,England,E92000001,2020-05-29,1374,217613,1374,217613,,
nation,England,E92000001,2020-05-28,1575,216239,1575,216239,,
nation,England,E92000001,2020-05-27,1616,214664,1616,214664,,
nation,England,E92000001,2020-05-26,1461,213048,1461,213048,,
nation,England,E92000001,2020-05-25,1389,211587,1389,211587,,
nation,England,E92000001,2020-05-24,1206,210198,1206,210198,,
nation,England,E92000001,2020-05-23,1309,208992,1309,208992,,
nation,England,E92000001,2020-05-22,1798,207683,1798,207683,,
nation,England,E92000001,2020-05-21,2277,205885,2277,205885,,
nation,England,E92000001,2020-05-20,2359,203608,2359,203608,,
nation,England,E92000001,2020-05-19,2602,201249,2602,201249,,
nation,England,E92000001,2020-05-18,2226,198647,2226,198647,,
nation,England,E92000001,2020-05-17,1593,196421,1593,196421,,
nation,England,E92000001,2020-05-16,1781,194828,1781,194828,,
nation,England,E92000001,2020-05-15,2145,193047,2145,193047,,
nation,England,E92000001,2020-05-14,2222,190902,2222,190902,,
nation,England,E92000001,2020-05-13,2899,188680,2899,188680,,
nation,England,E92000001,2020-05-12,2940,185781,2940,185781,,
nation,England,E92000001,2020-05-11,3088,182841,3088,182841,,
nation,England,E92000001,2020-05-10,2013,179753,2013,179753,,
nation,England,E92000001,2020-05-09,1797,177740,1797,177740,,
nation,England,E92000001,2020-05-08,2622,175943,2622,175943,,
nation,England,E92000001,2020-05-07,3205,173321,3205,173321,,
nation,England,E92000001,2020-05-06,3264,170116,3264,170116,,
nation,England,E92000001,2020-05-05,3148,166852,3148,166852,,
nation,England,E92000001,2020-05-04,2851,163704,2851,163704,,
nation,England,E92000001,2020-05-03,2648,160853,2648,160853,,
nation,England,E92000001,2020-05-02,2762,158205,2762,158205,,
nation,England,E92000001,2020-05-01,4109,155443,4109,155443,,
nation,England,E92000001,2020-04-30,4314,151334,4314,151334,,
nation,England,E92000001,2020-04-29,4737,147020,4737,147020,,
nation,England,E92000001,2020-04-28,4113,142283,4113,142283,,
nation,England,E92000001,2020-04-27,4056,138170,4056,138170,,
nation,England,E92000001,2020-04-26,3137,134114,3137,134114,,
nation,England,E92000001,2020-04-25,3381,130977,3381,130977,,
nation,England,E92000001,2020-04-24,4352,127596,4352,127596,,
nation,England,E92000001,2020-04-23,4575,123244,4575,123244,,
nation,England,E92000001,2020-04-22,4812,118669,4812,118669,,
nation,England,E92000001,2020-04-21,3995,113857,3995,113857,,
nation,England,E92000001,2020-04-20,3698,109862,3698,109862,,
nation,England,E92000001,2020-04-19,3494,106164,3494,106164,,
nation,England,E92000001,2020-04-18,4142,102670,4142,102670,,
nation,England,E92000001,2020-04-17,4088,98528,4088,98528,,
nation,England,E92000001,2020-04-16,4360,94440,4360,94440,,
nation,England,E92000001,2020-04-15,4240,90080,4240,90080,,
nation,England,E92000001,2020-04-14,3568,85840,3568,85840,,
nation,England,E92000001,2020-04-13,3463,82272,3463,82272,,
nation,England,E92000001,2020-04-12,2958,78809,2958,78809,,
nation,England,E92000001,2020-04-11,3085,75851,3085,75851,,
nation,England,E92000001,2020-04-10,3590,72766,3590,72766,,
nation,England,E92000001,2020-04-09,4076,69176,4076,69176,,
nation,England,E92000001,2020-04-08,4315,65100,4315,65100,,
nation,England,E92000001,2020-04-07,4605,60785,4605,60785,,
nation,England,E92000001,2020-04-06,4407,56180,4407,56180,,
nation,England,E92000001,2020-04-05,3094,51773,3094,51773,,
nation,England,E92000001,2020-04-04,3405,48679,3405,48679,,
nation,England,E92000001,2020-04-03,4102,45274,4102,45274,,
nation,England,E92000001,2020-04-02,4097,41172,4097,41172,,
nation,England,E92000001,2020-04-01,4150,37075,4150,37075,,
nation,England,E92000001,2020-03-31,3816,32925,3816,32925,,
nation,England,E92000001,2020-03-30,3514,29109,3514,29109,,
nation,England,E92000001,2020-03-29,2449,25595,2449,25595,,
nation,England,E92000001,2020-03-28,2379,23146,2379,23146,,
nation,England,E92000001,2020-03-27,2672,20767,2672,20767,,
nation,England,E92000001,2020-03-26,2633,18095,2633,18095,,
nation,England,E92000001,2020-03-25,2284,15462,2284,15462,,
nation,England,E92000001,2020-03-24,2041,13178,2041,13178,,
nation,England,E92000001,2020-03-23,2010,11137,2010,11137,,
nation,England,E92000001,2020-03-22,1212,9127,1212,9127,,
nation,England,E92000001,2020-03-21,1040,7915,1040,7915,,
nation,England,E92000001,2020-03-20,1096,6875,1096,6875,,
nation,England,E92000001,2020-03-19,932,5779,932,5779,,
nation,England,E92000001,2020-03-18,910,4847,910,4847,,
nation,England,E92000001,2020-03-17,683,3937,683,3937,,
nation,England,E92000001,2020-03-16,552,3254,552,3254,,
nation,England,E92000001,2020-03-15,398,2702,398,2702,,
nation,England,E92000001,2020-03-14,315,2304,315,2304,,
nation,England,E92000001,2020-03-13,401,1989,401,1989,,
nation,England,E92000001,2020-03-12,421,1588,421,1588,,
nation,England,E92000001,2020-03-11,358,1167,358,1167,,
nation,England,E92000001,2020-03-10,229,809,229,809,,
nation,England,E92000001,2020-03-09,127,580,127,580,,
nation,England,E92000001,2020-03-08,50,453,50,453,,
nation,England,E92000001,2020-03-07,55,403,55,403,,
nation,England,E92000001,2020-03-06,74,348,74,348,,
nation,England,E92000001,2020-03-05,46,274,46,274,,
nation,England,E92000001,2020-03-04,49,228,49,228,,
nation,England,E92000001,2020-03-03,52,179,52,179,,
nation,England,E92000001,2020-03-02,40,127,40,127,,
nation,England,E92000001,2020-03-01,18,87,18,87,,
nation,England,E92000001,2020-02-29,4,69,4,69,,
nation,England,E92000001,2020-02-28,11,65,11,65,,
nation,England,E92000001,2020-02-27,7,54,7,54,,
nation,England,E92000001,2020-02-26,1,47,1,47,,
nation,England,E92000001,2020-02-25,3,46,3,46,,
nation,England,E92000001,2020-02-24,2,43,2,43,,
nation,England,E92000001,2020-02-23,6,41,6,41,,
nation,England,E92000001,2020-02-22,0,35,0,35,,
nation,England,E92000001,2020-02-21,2,35,2,35,,
nation,England,E92000001,2020-02-20,0,33,0,33,,
nation,England,E92000001,2020-02-19,0,33,0,33,,
nation,England,E92000001,2020-02-18,0,33,0,33,,
nation,England,E92000001,2020-02-17,1,33,1,33,,
nation,England,E92000001,2020-02-16,0,32,0,32,,
nation,England,E92000001,2020-02-15,0,32,0,32,,
nation,England,E92000001,2020-02-14,0,32,0,32,,
nation,England,E92000001,2020-02-13,1,32,1,32,,
nation,England,E92000001,2020-02-12,1,31,1,31,,
nation,England,E92000001,2020-02-11,4,30,4,30,,
nation,England,E92000001,2020-02-10,1,26,1,26,,
nation,England,E92000001,2020-02-09,1,25,1,25,,
nation,England,E92000001,2020-02-08,3,24,3,24,,
nation,England,E92000001,2020-02-07,0,21,0,21,,
nation,England,E92000001,2020-02-06,0,21,0,21,,
nation,England,E92000001,2020-02-05,1,21,1,21,,
nation,England,E92000001,2020-02-04,0,20,0,20,,
nation,England,E92000001,2020-02-03,18,20,18,20,,
nation,England,E92000001,2020-02-02,1,2,1,2,,
nation,England,E92000001,2020-02-01,0,1,0,1,,
nation,England,E92000001,2020-01-31,0,1,0,1,,
nation,England,E92000001,2020-01-30,1,1,1,1,,
